<?xml version="1.0" encoding="UTF-8"?>
<project-private xmlns="http://www.netbeans.org/ns/project-private/1">
    <editor-bookmarks xmlns="http://www.netbeans.org/ns/editor-bookmarks/2" lastBookmarkId="0"/>
    <open-files xmlns="http://www.netbeans.org/ns/projectui-open-files/2">
        <group>
            <file>file:/R:/Download/bot%20pubblicità/bot%20pubblicità/AdvFicara/src/advficara/AdvFicara.java</file>
            <file>file:/R:/Download/bot%20pubblicità/bot%20pubblicità/AdvFicara/src/advficara/ThreadListen.java</file>
        </group>
    </open-files>
</project-private>
